{"cameraMode":{"drawMode":0,"name":"Shaded","section":"Shading Mode"},"sceneLighting":false,"audioPlay":false,"sceneViewState":{"m_AlwaysRefresh":false,"showFog":true,"showSkybox":false,"showFlares":true,"showImageEffects":true,"showParticleSystems":true,"showVisualEffectGraphs":true,"m_FxEnabled":true},"in2DMode":false,"pivot":{"x":-10.000004768371582,"y":7.573022842407227,"z":-0.00000476837158203125},"rotation":{"x":-0.09651897102594376,"y":-0.9028089642524719,"z":0.2772567570209503,"w":-0.3148246109485626},"size":16.00287628173828,"orthographic":false}