{"cameraMode":{"drawMode":0,"name":"Shaded","section":"Shading Mode"},"sceneLighting":true,"audioPlay":false,"sceneViewState":{"m_AlwaysRefresh":false,"showFog":true,"showSkybox":true,"showFlares":true,"showImageEffects":true,"showParticleSystems":true,"showVisualEffectGraphs":true,"m_FxEnabled":true},"in2DMode":false,"pivot":{"x":122.94800567626953,"y":87.23389434814453,"z":-100.87480163574219},"rotation":{"x":-0.2784847319126129,"y":0.43591246008872988,"z":-0.14387917518615724,"w":-0.8436626195907593},"size":11.228096008300782,"orthographic":false}