{"cameraMode":{"drawMode":0,"name":"Shaded","section":"Shading Mode"},"sceneLighting":true,"audioPlay":false,"sceneViewState":{"m_AlwaysRefresh":false,"showFog":true,"showSkybox":true,"showFlares":true,"showImageEffects":true,"showParticleSystems":true,"showVisualEffectGraphs":true,"m_FxEnabled":true},"in2DMode":false,"pivot":{"x":148.88198852539063,"y":80.75772857666016,"z":374.7803955078125},"rotation":{"x":0.09815970808267594,"y":-0.01094572152942419,"z":0.0010796242859214545,"w":0.9951120018959045},"size":223.45021057128907,"orthographic":false}