{"cameraMode":{"drawMode":0,"name":"Shaded","section":"Shading Mode"},"sceneLighting":true,"audioPlay":false,"sceneViewState":{"m_AlwaysRefresh":false,"showFog":true,"showSkybox":true,"showFlares":true,"showImageEffects":true,"showParticleSystems":true,"showVisualEffectGraphs":true,"m_FxEnabled":true},"in2DMode":false,"pivot":{"x":-92.55231475830078,"y":114.35113525390625,"z":-32.7269287109375},"rotation":{"x":0.0025406405329704286,"y":0.8698007464408875,"z":-0.4937876760959625,"w":0.006817328743636608},"size":25.774763107299806,"orthographic":false}