{"cameraMode":{"drawMode":0,"name":"Shaded","section":"Shading Mode"},"sceneLighting":true,"audioPlay":false,"sceneViewState":{"m_AlwaysRefresh":false,"showFog":true,"showSkybox":true,"showFlares":true,"showImageEffects":true,"showParticleSystems":true,"showVisualEffectGraphs":true,"m_FxEnabled":true},"in2DMode":false,"pivot":{"x":-131.8555908203125,"y":9.611234664916993,"z":175.45889282226563},"rotation":{"x":0.14237937331199647,"y":0.7960337400436401,"z":-0.20567022264003755,"w":0.5511863827705383},"size":10.744589805603028,"orthographic":false}