{"cameraMode":{"drawMode":0,"name":"Shaded","section":"Shading Mode"},"sceneLighting":false,"audioPlay":false,"sceneViewState":{"m_AlwaysRefresh":false,"showFog":true,"showSkybox":false,"showFlares":true,"showImageEffects":true,"showParticleSystems":true,"showVisualEffectGraphs":true,"m_FxEnabled":true},"in2DMode":false,"pivot":{"x":0.6259608864784241,"y":-5.790475368499756,"z":13.672000885009766},"rotation":{"x":0.1648106724023819,"y":-0.8353424668312073,"z":0.37091222405433657,"w":0.37094739079475405},"size":15.811386108398438,"orthographic":false}